post_title,post_content,post_status,featured_image,acf_phone,acf_website,acf_address,acf_tier,tax_specialty,tax_district
Watson's Wine,"Hong Kong’s largest specialist wine retailer, positioned here as an enhanced supplier listing with company story, featured catalogue, store links, and a clear lead path to conversion.

• 10+ Hong Kong locations
• 1,200+ bottles online
• Fine wine, Champagne, spirits
• Enhanced listing example",publish,https://res.cloudinary.com/rqokncht/image/upload/v1785202989/HK_Timelapse_2_hklr2m.png,+852 2530 5002,https://www.watsonswine.com/,"IFC Mall, 8 Finance Street, Central, Hong Kong",enhanced,Wine Retailer,Central
Ponti Wine Cellars,"A premium wine merchant profile focused on Hong Kong availability, curated catalogue presentation, and direct hand-off to the supplier’s own ecommerce or inquiry funnel.

• Multiple HK shops
• Bordeaux, Burgundy, Champagne
• Import + retail footprint
• Enhanced supplier example",publish,https://res.cloudinary.com/rqokncht/image/upload/v1785202989/HK_Timelapse_2_hklr2m.png,+852 2810 1000,https://www.pontiwinecellars.com.hk/,"G/F, 18A Stanley Street, Central, Hong Kong",enhanced,Fine Wine Retailer,Central
Young Master Ales,"A craft brewery listing showing how beer, mixed drinks, and non-wine suppliers can sit naturally inside the same marketplace while still feeling premium.

• Independent Hong Kong brewery
• Direct online sales
• Craft beer & limited releases
• Enhanced supplier example",publish,https://res.cloudinary.com/rqokncht/image/upload/v1785202989/HK_Timelapse_2_hklr2m.png,+852 2783 8907,https://www.youngmasterales.com/,"53 Wong Chuk Hang Road, Hong Kong",enhanced,Craft Brewery,Wong Chuk Hang
HK Drinks,"HK Drinks is Hong Kong's premium tequila and spirits specialist. Stocking Cincoro, Clase Azul, and Alfred GIRAUD — direct from the world's finest distilleries.

• Authorised Cincoro Tequila retailer
• Clase Azul boutique partner
• Alfred GIRAUD cognac house stockist
• Direct-from-sheet live inventory",publish,https://res.cloudinary.com/rqokncht/image/upload/v1785202989/HK_Timelapse_2_hklr2m.png,+852 6119 4233,https://www.hkdrinks.shop/,"Shop 8, 18 On Lan Street, Central, Hong Kong",enhanced,Premium Spirits & Tequila,Central
HK Liquor Store,"Hong Kong's premier liquor outlet with over 4,000 products. From rare whiskies and fine wines to premium spirits, with expansive brick-and-mortar locations across the city and delivery island-wide.

• Over 4,000 products in stock
• Expansive retail locations across Hong Kong
• Island-wide delivery service
• Premium marketing & co-hosting events for brand partners",publish,https://res.cloudinary.com/rqokncht/image/upload/v1785202989/HK_Timelapse_2_hklr2m.png,+852 3543 0039,https://www.hkliquorstore.com/,"Room 308, 3/F, Chinachem Golden Plaza, 77 Mody Road, Tsim Sha Tsui",enhanced,Premium Liquor Retailer,Tsim Sha Tsui
